date,amount,merchant,category
2023-09-29 11:39:50,82.22,Williams Group,gas
2023-01-22 18:18:23,955.26,Adams Inc,right
2022-12-30 02:36:46,81.64,"Brooks, Salazar and Scott",during
2022-07-19 18:50:14,767.71,Taylor-Barron,capital
2022-08-27 15:50:26,666.76,Martinez LLC,lead
2022-07-02 08:52:04,238.99,Knight PLC,help
2022-01-21 05:05:02,872.53,"Allen, Wilkerson and Jenkins",as
2022-11-28 03:01:10,59.25,Marquez PLC,news
2022-04-24 08:26:22,998.33,Holmes-Burton,whole
2023-08-24 02:34:26,791.62,"Hayes, Dominguez and Bradley",prove
2022-11-03 17:01:54,680.57,"Barajas, Figueroa and Ayala",hard
2023-10-06 01:25:19,953.21,"Myers, Kim and West",because
2022-12-10 21:58:56,403.49,Green Ltd,seat
2023-08-17 03:16:49,942.75,"Pennington, Robinson and Wall",ok
2023-10-01 15:47:15,103.75,Gay-Wong,another
2022-04-04 12:32:42,594.64,"Wall, Barnes and Wilson",find
2023-09-05 05:54:36,472.05,"Gibson, Sanders and Krueger",range
2023-09-04 11:21:15,561.41,"Lee, Hall and Dodson",decade
2023-12-15 16:11:49,171.31,"Rodriguez, Smith and Long",you
2022-01-10 23:20:11,720.92,Banks and Sons,buy
2023-08-08 20:40:12,529.16,Allen-Lewis,second
2023-11-28 16:31:04,879.13,Norman-Mcneil,focus
2023-08-15 23:56:46,505.42,Hansen Group,stock
2022-01-17 12:46:18,448.78,Griffin PLC,into
2022-12-16 09:09:53,961.31,Combs Group,Republican
2023-04-03 04:51:02,284.54,Coleman PLC,evidence
2022-10-28 19:38:45,130.43,Day Ltd,report
2022-11-13 13:41:34,896.41,Harrison Ltd,support
2022-02-27 19:07:06,289.86,Payne Group,late
2023-11-08 18:38:33,215.36,Wilkinson-Heath,agency
2023-09-19 11:27:52,686.16,"Santos, Hernandez and Wall",woman
2022-06-26 13:52:49,848.48,Parker-Fox,fish
2022-04-11 12:13:01,717.31,Pearson and Sons,TV
2023-08-13 12:55:48,299.41,"Johns, Crawford and Contreras",full
2023-03-15 01:58:23,112.12,Lamb-Ruiz,expect
2022-01-03 10:32:44,604.12,Ortiz-Kelly,of
2023-03-06 12:08:30,268.32,Jackson-Butler,already
2023-02-23 03:34:28,911.86,Lyons PLC,serve
2023-11-27 14:25:44,410.94,Ford Group,analysis
2022-09-05 02:35:01,265.79,Rios PLC,hospital
2022-07-12 03:23:03,788.74,"Walter, Burnett and Obrien",unit
2022-02-11 23:35:30,665.89,"Welch, Myers and Pratt",for
2023-04-06 02:46:30,58.42,"Patel, Lawson and Clark",body
2023-07-06 21:28:05,680.12,"Marquez, Gutierrez and Woods",key
2022-12-04 09:32:55,421.63,"Jones, Patterson and Griffin",avoid
2023-06-25 06:06:34,916.01,"Watson, Davidson and Alvarez",start
2023-10-18 08:56:14,80.36,Myers LLC,fight
2023-08-16 01:52:54,312.74,Carter Ltd,exactly
2022-04-08 22:20:07,743.6,Schaefer-House,weight
2023-08-31 16:15:28,930.58,Bishop-Bass,subject
2022-01-31 15:39:27,684.37,"Wang, Nelson and Morris",enter
2023-09-23 17:54:36,566.38,Spencer-Cantrell,size
2022-08-08 08:12:09,849.11,Collins-Dickerson,professor
2022-04-12 04:21:30,579.1,Sanchez-Smith,dinner
2023-07-31 23:09:24,415.5,Manning-Reynolds,building
2023-05-06 01:50:52,315.68,"Hughes, Baldwin and Nixon",certain
2022-08-23 08:05:50,389.75,Myers Inc,each
2022-11-04 08:20:23,437.43,Ellis PLC,money
2023-03-04 09:34:18,125.28,Schmidt-Hernandez,movement
2022-08-26 05:17:20,365.07,Smith Group,miss
2023-01-17 06:46:11,193.96,Torres-Sullivan,feeling
2022-03-17 14:17:15,969.77,"Coleman, Williams and Butler",or
2023-05-22 17:28:04,962.25,Moore-Smith,these
2022-08-29 14:04:41,234.89,Griffin Ltd,system
2022-11-01 17:49:58,462.53,Hernandez PLC,suddenly
2023-03-18 20:59:53,64.45,Baker Ltd,cut
2023-06-09 23:23:38,785.17,Garcia-Walker,base
2023-10-22 15:11:11,530.36,Padilla Inc,almost
2023-10-18 17:32:51,830.34,Wilson Inc,talk
2023-06-29 13:39:13,876.71,Holloway Group,certain
2023-08-01 03:21:46,939.88,Brown Group,policy
2022-07-30 13:09:32,199.14,"Peck, Robinson and Richmond",voice
2023-02-07 21:38:56,459.37,"Deleon, Reynolds and Bennett",me
2022-06-23 15:25:03,426.65,"Raymond, Sims and Stevens",analysis
2023-11-21 04:01:16,691.83,"Campbell, Reyes and Church",could
2023-12-19 05:41:57,390.59,Velazquez LLC,ok
2023-06-30 00:13:58,284.76,Mathews Inc,work
2022-04-07 01:17:53,271.97,Young Ltd,ask
2022-06-28 16:06:18,177.27,"Callahan, Payne and Baker",feel
2023-01-10 10:04:47,158.68,Jones-Jackson,new
2022-01-09 14:12:53,379.5,Mitchell-Hampton,respond
2022-03-20 04:20:11,357.25,Salas-Davis,camera
2023-09-18 13:03:34,226.81,Stevens-Bolton,tonight
2022-02-18 08:27:06,370.54,Edwards and Sons,simply
2023-10-15 02:53:55,741.53,Smith LLC,fall
2022-08-12 08:17:26,662.5,Farrell PLC,book
2022-09-22 02:12:31,844.23,"Garner, Hartman and Santos",some
2022-03-26 18:35:01,388.72,"Campbell, Brown and Hernandez",above
2023-09-20 03:35:07,811.95,"Taylor, Gonzales and Wright",key
2023-04-24 17:53:37,890.84,Kennedy Ltd,ball
2022-01-08 02:32:18,604.95,"Silva, Ochoa and Bentley",western
2023-01-13 18:31:16,862.14,Davis Ltd,at
2022-05-26 02:25:28,238.88,Martinez-Jordan,best
2022-10-25 20:46:42,986.18,"Case, Taylor and Navarro",military
2022-03-27 01:55:52,526.15,"Parsons, Haney and Smith",partner
2023-05-22 12:43:37,304.56,Rodriguez Group,responsibility
2023-05-08 06:04:38,767.45,Kennedy-Wilson,treatment
2023-01-12 23:14:20,715.31,"Carson, Whitehead and Singh",woman
2022-06-22 12:27:57,836.68,"Brown, Richards and Bowen",specific
2022-02-14 13:06:38,741.35,"Wade, Richard and Smith",behavior
2022-03-29 06:38:46,793.98,"Nichols, Williams and Parks",similar
2022-08-14 01:24:28,366.65,"Wright, Hill and Wilson",each
2022-07-11 19:00:43,795.7,Odom-Rose,bring
2022-05-22 03:57:46,311.93,Castro-Howard,study
2023-12-05 22:38:01,586.85,Patel and Sons,agreement
2022-05-17 22:56:06,517.1,Fletcher LLC,entire
2022-03-01 17:04:21,164.95,"Elliott, Lane and Hughes",south
2023-10-13 01:46:02,6.02,"Walker, Martinez and Simpson",here
2022-01-02 15:34:17,773.28,"Schaefer, Brown and Grant",media
2023-02-21 06:25:46,59.23,Reese-Mccormick,argue
2023-11-21 21:51:54,748.93,Miller Ltd,enough
2023-10-20 23:18:46,700.06,Jackson Inc,protect
2022-02-27 15:33:07,587.83,Williams-Wu,well
2022-12-31 17:19:33,812.54,Mills-Baldwin,us
2022-08-23 04:45:54,669.36,Simpson and Sons,store
2023-09-06 19:25:26,803.11,Holmes LLC,including
2023-12-06 00:41:01,434.24,Williams-Cobb,pay
2022-09-02 12:30:18,284.77,Diaz-Torres,serve
2022-08-28 08:09:27,505.61,Smith Inc,account
2022-11-21 22:20:15,876.61,Forbes-Bishop,sister
2023-11-30 14:03:16,694.07,Miller-Green,available
2023-12-04 21:40:02,562.22,Roberts-West,either
2022-06-17 09:56:29,143.06,"Scott, Ford and Ali",poor
2022-02-09 11:31:17,886.02,"Long, Warren and Page",ground
2023-03-15 09:39:40,361.0,Ramirez-Zamora,American
2023-01-09 11:54:24,74.41,Levine Group,or
2022-01-16 08:33:43,384.53,Love-Smith,rule
2022-11-26 20:09:21,899.82,"Fisher, Williams and Jones",collection
2023-05-20 19:57:57,482.76,Robinson-Miller,really
2023-10-05 08:08:09,230.62,Norris-Norris,candidate
2022-09-29 11:00:52,356.78,"Ross, Lewis and Olsen",ok
2023-06-18 11:46:09,21.69,Baker LLC,Republican
2022-07-16 09:31:34,852.54,Harris and Sons,skill
2022-04-21 13:11:50,710.4,Vasquez-Mann,detail
2022-12-24 10:23:52,160.47,Goodman-Clayton,particularly
2023-10-23 16:00:36,718.33,Hunt-Stewart,enter
2022-09-06 00:40:19,875.26,"Colon, Riley and Brown",education
2023-04-25 05:26:25,262.02,Jones LLC,green
2022-09-14 22:51:08,238.45,Parks Group,whom
2022-05-12 00:42:07,549.08,"Diaz, Jimenez and Rose",PM
2022-05-03 11:42:35,464.02,Franklin-Bowen,consumer
2022-04-21 19:36:57,508.9,Washington Inc,only
2022-09-24 18:03:49,631.15,"Hansen, Cox and Riggs",deal
2022-04-05 05:46:26,499.41,"Love, Wood and Campbell",debate
2023-11-10 21:57:55,667.2,Stone and Sons,scene
2022-08-22 07:44:41,459.0,"Henry, Hendricks and Floyd",medical
2022-12-07 23:33:55,69.8,Greene-Lopez,above
2023-02-22 11:41:52,422.49,Stanley-Chapman,alone
2023-02-28 09:20:11,720.42,Ramirez-Peterson,money
2023-04-15 18:29:35,511.89,Butler-Horton,explain
2023-02-26 09:35:47,116.65,Martin and Sons,while
2023-12-18 19:32:21,557.25,Garner-Evans,over
2023-10-09 19:10:36,630.38,Sanchez-Fernandez,while
2021-12-30 07:10:39,273.81,Parsons Group,culture
2022-08-27 20:24:08,461.42,Smith-Ortega,know
2022-08-03 03:32:40,51.99,Mills PLC,often
2022-07-05 01:18:22,815.54,Lambert-Cooper,nature
2023-03-12 21:04:34,459.22,King and Sons,campaign
2022-04-08 23:24:57,184.51,"Cameron, Zimmerman and Clarke",nice
2023-08-04 05:24:02,398.9,James Group,method
2022-09-10 11:16:29,504.21,Hernandez PLC,worker
2023-02-13 19:57:47,310.13,Carrillo LLC,scientist
2022-03-08 19:35:11,406.02,Washington-Washington,dark
2022-01-27 07:30:17,140.9,"Sullivan, Garcia and Miller",public
2022-04-21 19:15:27,530.77,"Martinez, Roth and Jones",laugh
2023-01-23 20:48:07,202.89,"Allen, Carter and Cabrera",under
2022-09-07 17:56:24,348.47,"Carrillo, Lamb and Byrd",nice
2023-12-08 00:56:33,965.93,Hall Group,heavy
2023-01-06 04:43:33,867.39,Atkins-Hayes,true
2022-08-28 15:50:57,834.93,Sullivan-Maddox,hit
2022-09-26 12:40:12,373.12,Clarke-Smith,commercial
2022-12-16 00:33:56,974.79,Munoz-Martin,media
2022-02-16 00:20:43,908.05,Harris-Cooley,across
2022-12-05 21:15:48,984.73,Lopez Group,however
2023-09-01 20:58:40,51.73,"Welch, Neal and Roy",good
2022-04-30 00:10:32,349.79,"Burgess, Dominguez and Davis",watch
2023-05-28 03:59:13,830.24,Wright Ltd,speech
2023-12-05 00:28:24,609.67,Anderson and Sons,pick
2022-09-09 06:05:50,174.92,"Mahoney, Sullivan and Davis",true
2023-01-31 09:57:41,477.57,Ruiz-Armstrong,above
2022-11-27 05:24:10,242.63,"Fields, Thompson and Nelson",end
2023-06-19 15:22:49,697.45,"Lewis, Wise and Taylor",quickly
2022-12-03 10:13:49,103.21,Washington Inc,society
2022-03-17 08:09:11,826.17,"Cannon, Cowan and Campbell",relate
2023-07-05 18:58:31,416.44,"Paul, Dalton and Rojas",another
2022-12-20 22:26:50,668.76,"Martin, Payne and Ferguson",inside
2023-09-10 02:08:12,515.05,Pope-Lambert,rich
2022-10-30 01:06:00,603.32,Glover Ltd,reason
2023-01-07 02:59:27,140.36,Martin PLC,film
2022-03-02 14:44:14,485.76,Moore-Gibbs,administration
2022-02-14 15:15:41,89.4,Wolf Ltd,energy
2023-02-09 05:45:54,820.77,"Stokes, Hicks and Evans",environment
2022-01-11 10:08:14,405.27,Miller LLC,summer
2023-07-13 19:50:10,29.09,Spencer-Sandoval,still
2022-02-16 04:21:38,634.8,Morgan-Hernandez,over
2022-01-16 23:50:51,963.98,"Novak, Perez and Boyer",game
2022-12-24 19:23:39,543.12,Howe-Todd,administration
2023-04-02 10:11:33,193.29,Davenport Inc,adult
2022-09-22 16:24:21,212.2,Graham Inc,woman
2022-09-24 19:16:26,84.6,White Ltd,effect
2022-03-21 19:46:55,833.93,Wood-White,recently
2022-12-29 17:53:36,938.92,Cline Group,though
2023-12-05 16:45:15,409.88,"Henry, Fletcher and Shaw",century
2022-10-31 19:22:08,397.88,Rose-Bernard,agreement
2022-04-29 07:08:01,547.29,Ramos Inc,entire
2022-06-22 23:59:08,937.96,"Moss, Carlson and Jones",policy
2023-11-11 10:08:35,902.05,Turner and Sons,in
2023-11-09 16:15:04,507.12,Wallace Group,still
2022-01-22 07:24:36,994.88,Carter-Johnston,night
2023-06-05 18:49:47,71.76,"Smith, Blankenship and Chavez",foot
2022-11-23 06:33:27,532.98,Patton LLC,kid
2023-06-21 01:04:36,712.55,Smith and Sons,tax
2023-01-01 07:39:23,810.53,"Casey, Jackson and Austin",budget
2022-10-17 19:23:01,877.45,"Oneal, Martinez and Wright",bar
2022-09-02 18:11:00,55.16,Atkins-Arnold,type
2023-06-23 06:29:33,22.09,Robinson-Mann,coach
2022-11-25 14:39:40,441.53,"Lopez, Reynolds and White",pressure
2023-03-21 14:59:02,206.82,Harris LLC,ball
2022-12-24 14:18:41,871.34,Newman-Sanchez,too
2022-06-22 11:03:52,483.2,Bullock-Mcclure,mother
2022-09-26 21:26:42,391.09,Lopez PLC,body
2022-06-01 15:52:01,193.81,Hamilton Ltd,cultural
2022-07-14 17:33:07,405.41,Butler-Decker,might
2022-02-18 21:10:20,100.32,Jones-French,world
2023-03-22 17:28:00,610.27,Campbell and Sons,foreign
2023-07-21 01:26:28,530.8,Harrison Inc,war
2022-10-28 09:32:08,437.4,Dickerson LLC,very
2023-07-16 09:42:10,862.32,"Smith, Walker and Huerta",property
2023-10-23 04:08:22,364.58,Riddle-Good,child
2023-06-04 22:14:27,726.7,Stone PLC,newspaper
2022-02-25 11:53:08,537.76,"Dalton, Hunter and Carpenter",born
2022-09-23 10:04:28,371.13,Thomas-Robertson,decade
2022-07-12 22:33:55,255.9,Hudson and Sons,partner
2022-12-06 11:13:52,191.64,"Wright, Salinas and Miller",force
2022-01-25 01:49:34,662.11,Cruz LLC,think
2023-07-08 21:51:13,587.4,Robinson PLC,indicate
2022-11-28 08:18:08,268.83,"Oneal, Suarez and Allen",debate
2022-03-18 12:24:53,722.33,"Robinson, Acosta and Martinez",approach
2023-09-19 05:43:53,321.77,Jimenez-Barron,ability
2023-04-20 08:24:41,327.02,"Baker, Miller and Robertson",many
2022-05-09 18:17:55,755.46,Kelly-Giles,family
2022-11-14 19:17:05,427.96,"Thompson, Kennedy and Valentine",weight
2023-03-25 07:22:39,934.83,Farrell-Harmon,Congress
2023-06-04 05:17:45,462.05,Reeves LLC,perhaps
2023-10-29 08:44:27,543.66,"Oconnell, Willis and Sanford",of
2022-12-07 01:20:46,998.44,"James, Stevens and Schmidt",debate
2022-07-10 05:00:08,132.69,Bryant-Jarvis,successful
2022-10-26 21:20:20,59.84,"Williams, Hickman and House",herself
2022-12-12 01:20:52,612.96,Flores-Aguirre,toward
2022-05-06 10:50:46,613.63,"Knight, Spencer and Anderson",believe
2023-10-23 06:44:47,91.18,Nelson Inc,book
2022-01-14 12:06:10,142.11,"Howard, Harris and Jones",ready
2022-07-18 07:07:52,632.84,"Blevins, Howard and Pierce",soldier
2023-05-23 14:29:25,731.77,"Clark, Merritt and Jones",appear
2022-06-15 13:29:34,128.63,Strong Inc,appear
2023-10-12 19:08:51,34.95,"Nash, Thomas and Reid",knowledge
2022-12-04 21:31:55,658.41,"Baker, Wallace and Hoffman",within
2022-04-15 23:49:57,364.73,Mendoza-Swanson,coach
2022-07-05 10:11:14,591.69,Hodges-Davis,physical
2022-02-02 20:53:02,618.72,Soto Ltd,however
2022-06-05 16:49:25,505.27,Aguilar Ltd,us
2022-04-18 23:56:21,226.4,"Garner, Newman and Byrd",trouble
2023-05-22 06:43:36,396.67,Walker PLC,appear
2023-05-23 06:22:20,394.34,Frost LLC,remain
2022-11-14 15:44:44,698.23,Young-Watts,across
2023-04-26 17:02:34,161.15,Mack-Torres,none
2023-09-29 12:41:25,628.23,"Mitchell, Rogers and Taylor",so
2022-09-15 20:33:15,736.16,Shaw Ltd,future
2023-04-12 17:30:59,961.95,Waller Ltd,this
2022-07-24 13:16:49,4.28,Rush Group,fact
2022-05-20 00:55:59,51.46,"Payne, Nolan and Evans",wait
2023-08-20 12:26:49,384.16,Hubbard Group,forget
2023-08-29 19:03:15,63.09,"Garcia, Parsons and Larsen",indeed
2022-11-24 00:47:37,173.83,Harper Ltd,blood
2022-07-24 03:32:29,859.85,Mckinney-Wagner,listen
2022-02-03 23:59:04,745.3,Nunez and Sons,much
2023-07-27 12:49:13,581.92,Rodgers-Woods,member
2022-12-21 12:44:43,825.83,"Kennedy, Thomas and Terrell",instead
2023-01-28 12:19:17,701.11,Byrd-Wood,tend
2023-01-14 22:55:56,671.55,Taylor Group,live
2023-10-09 16:15:21,829.92,"Flores, Smith and Smith",also
2023-02-18 08:11:20,192.77,Taylor-Harrison,road
2022-03-29 13:01:02,860.67,"Mitchell, Robertson and Jarvis",can
2023-07-12 11:11:51,702.47,"Rowland, Weber and Bryan",century
2023-09-27 20:38:03,277.72,Weber and Sons,lose
2022-06-28 15:54:46,336.28,Marshall and Sons,actually
2022-07-24 22:02:05,220.62,"Booker, Tran and Brown",very
2023-09-09 00:19:30,516.79,"Nicholson, Gonzalez and Williams",voice
2023-07-16 13:28:42,446.97,Bennett Inc,moment
2022-01-05 13:26:46,278.59,Smith LLC,affect
2022-09-30 15:34:21,924.26,"Collins, Brewer and Jennings",west
2023-02-12 01:40:27,998.77,Deleon Inc,recognize
2022-11-25 05:15:22,936.27,Kelley-Silva,your
2022-01-28 15:09:12,358.89,"Davis, Vega and Richard",instead
2023-06-09 11:44:37,129.16,Nichols-Macias,feel
2022-06-11 12:12:31,687.55,"Long, Howell and Cox",food
2023-09-09 22:36:14,383.68,Mendez-Montes,write
2023-10-19 21:25:18,529.23,Johnson-Norman,pass
2022-12-16 19:54:42,837.05,"Burns, Villanueva and Hall",tough
2023-06-16 03:25:16,255.38,Stanley-Lopez,property
2022-01-09 10:48:38,219.54,Ward LLC,sell
2023-03-15 08:01:30,346.27,Fowler Inc,shake
2023-10-04 01:58:40,206.37,"Palmer, Yang and Turner",list
2022-06-09 04:12:52,289.47,"Hicks, Jones and Stewart",ground
2022-11-04 07:26:30,943.23,"Andrews, Hill and Perez",watch
2023-08-05 21:11:06,459.85,Mitchell-Blair,allow
2022-12-03 06:29:41,625.37,"Nichols, Kaiser and Morton",manager
2022-09-05 09:33:53,791.43,"Gonzales, James and Lopez",other
2022-04-10 14:41:33,790.4,Rivas Group,or
2023-01-31 20:13:45,427.75,Valdez-Farmer,benefit
2022-10-16 06:45:09,14.51,Wright Group,suffer
2023-10-23 02:10:36,4.11,Day PLC,garden
2023-08-15 20:30:42,796.42,"Garrett, Benson and Mcpherson",a
2022-01-26 10:31:00,28.36,"Jones, Lopez and Gutierrez",process
2022-01-01 14:56:23,413.55,"Harris, Crawford and Watts",college
2023-06-16 08:02:07,941.11,Wilson-Beltran,easy
2023-04-11 06:58:38,979.93,Cruz PLC,career
2021-12-31 03:06:41,117.72,Bridges-Woods,to
2023-01-02 19:40:41,324.73,Garcia-Ward,magazine
2023-11-11 16:17:12,147.64,"Hughes, Sweeney and Obrien",bag
2023-05-03 10:13:44,438.73,Barron-Martin,way
2022-06-14 06:35:44,258.56,Smith-Dean,word
2022-04-21 22:01:30,540.37,Webb-Serrano,know
2023-10-17 08:44:13,581.51,Fitzgerald-Parker,happy
2022-02-18 09:08:39,858.78,Diaz-Brock,body
2022-11-06 20:11:20,742.27,Henry and Sons,too
2022-06-23 01:37:18,916.31,Taylor-Ruiz,democratic
2023-11-04 13:35:56,639.89,Hatfield-Johnson,move
2022-04-28 14:19:21,392.41,"Merritt, Schneider and Gomez",art
2023-09-27 17:05:31,5.3,Gregory PLC,company
2023-07-15 20:05:24,65.33,Young LLC,range
2022-01-21 20:48:31,770.74,Summers-Lambert,traditional
2022-09-03 10:48:21,838.4,Gutierrez-Arnold,himself
2022-07-12 20:14:27,885.9,"Welch, Lee and Brown",product
2023-12-02 20:56:18,471.17,"Gomez, Bennett and Miranda",window
2022-09-20 05:57:27,548.98,"Johnson, Smith and Ortiz",member
2022-01-17 20:20:21,998.82,Gaines-Johns,heavy
2022-05-02 19:24:52,679.09,"Cook, Bradford and Dominguez",all
2023-03-02 15:39:42,472.38,Lee-Williams,result
2022-08-23 15:11:35,239.88,Jenkins-Sanchez,green
2022-08-21 19:05:24,59.89,Benton PLC,beyond
2022-12-20 01:27:34,599.29,Jordan-Hood,site
2023-09-10 01:53:09,270.24,Jimenez and Sons,prove
2023-01-17 09:26:04,151.67,"Wallace, Rivas and Freeman",kid
2022-03-12 00:19:30,382.76,Roberts-Williams,matter
2023-08-07 19:16:09,539.54,Cole PLC,as
2023-08-08 17:10:44,477.24,"White, Mcgrath and Livingston",boy
2023-06-28 01:44:06,126.08,"Bowman, King and Wright",rich
2023-12-02 02:02:06,489.7,"Smith, Cook and Melton",college
2022-05-23 15:16:03,387.25,Martinez-Reynolds,employee
2023-07-28 09:27:49,805.38,"Hill, Cochran and Le",here
2023-01-30 23:15:07,351.46,Alexander-Cunningham,perform
2023-07-07 19:19:23,594.13,Anderson-Scott,interest
2023-09-04 23:04:43,765.27,"Marshall, Lambert and King",several
2022-07-26 03:58:38,225.67,Ramirez and Sons,claim
2022-10-10 20:45:04,99.39,"Washington, Benton and Green",bank
2022-06-17 16:59:26,514.51,"Lee, Howard and Castro",management
2023-09-14 03:10:11,706.06,Stone LLC,worker
2022-04-30 21:51:20,686.53,"Scott, Bailey and Williams",debate
2023-05-01 06:04:59,135.45,"Rodriguez, Harris and Lopez",recently
2023-07-28 23:34:04,233.48,Garcia-Smith,recognize
2023-01-10 09:13:25,851.96,Allen and Sons,public
2022-09-17 21:01:26,74.15,Bridges PLC,fire
2022-05-08 10:29:01,830.12,Thompson-Cunningham,left
2022-10-11 12:22:52,995.92,Perez-Valdez,accept
2022-11-29 18:07:46,972.06,King and Sons,audience
2023-10-28 21:03:46,180.4,Martinez-Boyd,public
2023-05-27 09:36:25,306.14,Simpson Ltd,treatment
2023-07-19 19:52:42,96.31,"Frey, Holmes and Arnold",less
2023-10-22 13:05:13,451.27,Miller-Dennis,interview
2022-09-26 15:44:44,651.99,Logan and Sons,meeting
2023-04-08 23:05:36,740.03,"Perez, Mcconnell and Carr",station
2023-07-19 20:16:20,24.68,"Zimmerman, Bennett and Hull",evidence
2022-06-28 03:15:10,450.69,White Ltd,dark
2022-09-23 16:50:46,166.38,"Smith, Torres and Smith",option
2023-08-11 19:28:21,554.65,Harris Group,carry
2022-01-08 15:32:19,320.93,Palmer Ltd,arm
2023-08-17 14:29:30,267.85,"Williams, Gomez and Robinson",choice
2023-01-31 12:42:51,248.65,Harrell Inc,notice
2022-02-27 05:53:26,699.31,"Baker, Kelly and Perkins",mention
2022-01-03 17:26:23,262.28,Bradley-Pearson,job
2022-10-17 06:20:30,532.09,Curry-Hammond,not
2022-02-09 11:48:26,326.5,Brown-Bridges,bill
2022-03-23 22:39:11,839.6,Peterson-Wagner,southern
2023-03-09 15:09:21,518.87,Jones Ltd,necessary
2022-07-19 09:50:20,124.41,"Galvan, Ryan and Martinez",citizen
2022-03-12 01:15:46,242.07,Edwards Ltd,stock
2022-02-19 13:59:46,751.49,Ortega Ltd,program
2022-08-23 14:39:03,694.1,Hale Group,once
2022-07-10 11:41:11,793.79,"Miller, Shepherd and Hernandez",force
2022-08-02 09:13:12,815.47,"Tucker, Guerra and Santos",cold
2022-12-15 14:54:07,619.61,"Short, Larson and Foster",protect
2023-12-09 16:45:51,80.46,King-Cole,nearly
2023-04-08 23:32:25,130.71,Smith Inc,note
2022-10-28 23:07:32,963.81,Scott-Patterson,street
2023-03-30 15:32:19,71.34,Walker-Cowan,Democrat
2022-05-23 20:34:00,532.43,"White, Cox and Nguyen",security
2022-05-02 04:12:56,493.7,Case-Morton,wall
2022-08-21 17:04:42,72.36,"Salinas, Walsh and Gonzalez",collection
2023-10-04 06:38:44,871.24,"Martinez, Reynolds and Vasquez",measure
2022-08-22 02:09:58,109.98,Hansen and Sons,if
2023-06-26 10:19:56,809.76,Lowery and Sons,thought
2023-09-08 14:37:50,547.28,Hill Inc,realize
2023-06-18 13:16:46,847.73,Rivas Ltd,health
2022-12-10 00:17:24,928.72,Wise Ltd,necessary
2023-10-08 22:21:27,72.33,"Ward, Curtis and Hamilton",whatever
2022-12-23 06:58:43,105.86,"Patrick, Hammond and Barajas",no
2023-11-09 05:55:36,913.93,Holloway-Moore,kind
2023-01-15 19:56:58,694.23,"Rios, Le and Hughes",meeting
2022-02-08 14:05:25,271.39,Rodriguez-Moore,question
2022-12-22 02:58:13,987.9,Watson-Hill,try
2022-12-20 06:51:37,405.99,Bright PLC,who
2022-07-23 03:20:28,885.9,"Tucker, Elliott and Martinez",star
2023-07-01 06:29:43,886.66,Smith-Olsen,woman
2022-03-02 01:38:51,670.01,Parker Ltd,sport
2023-03-09 21:18:32,501.51,"Webb, Evans and White",read
2022-10-06 19:53:18,752.6,Armstrong Ltd,provide
2023-07-21 22:36:33,606.27,"Ramsey, Fisher and Nguyen",maybe
2022-11-07 04:06:11,409.42,Carey-Rodriguez,news
2023-09-11 22:39:26,534.19,Sanders LLC,painting
2022-09-28 04:37:15,829.23,"Ramos, Lawson and Richards",store
2022-04-20 19:28:34,712.89,Johnson PLC,speak
2023-07-12 23:27:19,6.77,"Morris, Turner and Williams",agent
2023-03-14 02:35:12,245.29,Wheeler PLC,agree
2022-09-25 22:20:47,853.58,"Hoover, Blanchard and Schmidt",teacher
2023-02-22 11:52:26,106.32,"Gonzalez, Jenkins and Hardy",former
2023-05-18 19:13:38,359.42,Cunningham Group,name
2023-05-18 14:32:32,423.52,"Reese, Myers and Baker",hold
2022-12-06 08:34:05,33.8,Hall Ltd,economy
2023-12-21 16:55:50,967.85,White Inc,wear
2023-12-20 20:50:10,143.7,"Flynn, Black and Snow",once
2023-11-09 04:37:07,314.4,Maynard Inc,if
2022-05-01 07:44:52,666.29,Carrillo-Walter,system
2023-11-03 03:41:11,184.78,"Wright, Vargas and Ellis",successful
2022-07-26 02:49:18,930.37,Stone PLC,their
2023-04-09 16:38:27,371.02,Ward Ltd,candidate
2022-09-14 20:43:10,450.12,"Palmer, Wilson and Harris",most
2023-12-05 17:55:47,407.62,Ryan LLC,under
2023-01-12 18:42:03,276.35,Brown-Frank,play
2022-08-05 22:30:57,592.42,"Fleming, Garcia and Huffman",allow
2022-09-01 07:53:51,767.23,Zhang-Yoder,share
2022-02-27 20:27:17,489.46,"Baker, Davila and Welch",recognize
2022-07-11 17:53:24,373.5,"Rowe, Mccoy and Thompson",recognize
2022-01-02 12:05:09,243.45,"Mcgrath, Roberts and Hanna",west
2023-08-26 15:03:28,692.84,Jordan-Soto,simply
2023-08-30 06:55:37,570.61,Martinez Inc,leg
2022-11-26 13:00:21,260.3,"Oliver, Todd and Harper",yet
2023-02-12 07:36:18,538.65,Jones-Stark,surface
2023-08-02 21:11:56,473.57,Frank LLC,stand
2023-09-13 13:37:28,767.33,Holt-Harris,miss
2022-02-05 15:46:43,355.88,Hansen-Payne,direction
2022-04-23 03:16:35,312.3,"Trevino, Gonzalez and Castro",best
2023-06-27 02:27:08,201.39,"Vance, Robinson and Tucker",such
2022-05-12 22:50:43,792.69,"Garcia, Keller and Davis",group
2023-01-11 10:27:24,755.96,Greene-Wyatt,moment
2022-06-23 11:31:22,639.12,Salazar-Maynard,each
2023-07-15 19:31:52,432.78,Snyder-Graham,both
2023-01-31 03:12:26,966.16,"Briggs, Villarreal and Davis",free
2023-08-30 06:20:50,419.03,"Martinez, Everett and Fischer",stock
2022-10-18 20:51:53,917.48,"King, Le and Smith",he
2022-12-22 20:02:26,80.48,"Burton, Miller and Stevenson",look
2022-03-18 06:38:14,740.13,"Gray, Graham and Torres",approach
2022-01-12 05:59:16,797.74,Cox Group,want
2023-01-05 03:46:24,819.72,Hunt-Swanson,edge
2022-06-15 18:58:12,707.47,"Sutton, Petersen and Anderson",only
2023-03-28 22:52:25,272.54,"Pollard, Smith and Yoder",whose
2022-05-31 00:19:17,456.09,"Espinoza, Lopez and Miller",whether
2022-07-13 23:06:36,885.68,Moore-Frank,month
2022-12-09 14:59:16,616.69,Stewart LLC,at
2022-02-25 05:23:26,429.1,Donovan PLC,traditional
2023-11-17 23:49:07,971.53,Nolan PLC,claim
2022-07-22 16:09:20,196.27,Lang Group,huge
2022-03-02 16:59:01,570.77,Dodson-Morgan,ok
2022-06-20 22:40:02,280.32,Freeman and Sons,remain
2023-03-04 22:19:23,149.14,Baker-Austin,drop
2022-02-22 08:25:10,517.7,Torres-Moreno,explain
2022-11-15 15:32:25,757.08,"Johnston, Moore and Williams",sound
2022-10-03 13:25:40,848.89,Bryant Inc,relationship
2023-12-17 08:03:01,412.3,"Perry, Flowers and Lawson",science
2023-06-07 22:13:20,968.94,Morales and Sons,response
2022-12-18 11:35:51,362.97,Thomas Ltd,real
2022-01-28 22:18:36,158.24,Dalton-Fuller,action
2022-11-20 16:15:48,243.45,"Kennedy, Smith and Cook",social
2022-03-12 23:49:31,906.67,"Perry, Anderson and Grant",media
2023-09-01 02:33:04,652.08,"Nelson, Lewis and Lane",painting
2022-04-19 04:36:53,497.4,Walker PLC,prevent
2022-09-24 08:21:36,335.88,"Williams, White and Gamble",our
2023-04-18 14:41:57,421.69,Gaines LLC,mouth
2022-06-02 18:35:03,786.66,Garcia Group,many
2022-05-22 04:10:48,962.12,Smith-Bauer,us
2023-06-18 11:54:04,776.08,Thomas-Jones,business
2022-10-23 18:58:38,173.34,"Moreno, Jones and Johnson",option
2023-06-03 17:03:55,357.98,"Kennedy, Harvey and Rodgers",cut
2022-05-04 19:11:29,882.47,"Garcia, Steele and Randall",structure
2022-03-31 12:45:27,312.99,Cole Inc,agreement
2023-02-01 21:17:09,834.56,"Edwards, Franklin and Keith",friend
2022-03-20 17:59:41,974.04,Barrett-Thompson,popular
2022-02-09 14:29:36,741.94,"Cooper, Gomez and Santos",and
2023-09-04 21:26:59,784.82,Welch Ltd,why
2023-06-22 03:33:22,702.79,Wells-Miller,tend
2023-10-12 01:34:34,402.08,"Kim, Matthews and Palmer",election
2023-11-01 05:06:59,696.26,Pope-Smith,hear
2023-05-09 01:47:48,264.0,"Miller, Nichols and Blackburn",theory
2023-08-15 08:24:59,826.65,Lucas Inc,fly
2022-10-07 02:22:18,181.24,"Petersen, Cisneros and Terrell",person
2022-01-11 15:05:40,932.99,Vasquez Inc,building
2023-09-17 08:56:54,961.59,Cherry-Leon,very
2023-01-20 21:27:14,256.23,Patterson-Nelson,board
2023-03-04 21:02:41,163.39,Pruitt-Taylor,Mrs
2022-06-18 09:35:01,814.27,Nelson-Jimenez,list
2023-08-11 01:24:29,713.18,Bond-Stewart,worry
2023-12-21 07:37:29,441.32,"Schmitt, Dunn and Johnson",ground
2023-05-16 11:39:40,478.52,"Baker, Frazier and Brown",though
2023-03-28 18:54:14,804.15,"Hernandez, Bray and Flores",station
2022-03-16 21:16:52,17.11,"Douglas, Carroll and Richmond",total
2023-05-06 15:57:46,674.63,Cobb Inc,land
2022-11-27 20:34:59,339.94,"Parrish, Barrett and Perkins",of
2022-10-25 16:37:58,100.98,"Wallace, Ramirez and Reynolds",prepare
2022-10-28 01:53:12,456.21,"Williams, West and Watson",region
2023-05-22 06:52:34,253.66,"Franklin, Jackson and Howell",scientist
2022-05-27 03:24:37,353.87,Gray LLC,different
2022-06-23 09:21:47,698.33,Callahan-Figueroa,rate
2022-12-24 18:39:41,899.98,"Chung, Porter and Campbell",market
2022-05-08 23:21:42,471.65,"Perry, Reyes and Stephens",cultural
2022-08-03 10:44:33,357.94,"Stephens, Thomas and Curtis",perform
2022-06-05 05:35:48,953.26,"Waters, Duncan and Martinez",success
2023-03-21 15:47:16,815.44,"Andrews, Ellis and Lynch",painting
2022-03-29 13:49:56,822.18,Mcdowell-Duran,threat
2022-10-15 22:55:37,804.75,Harrington LLC,forward
2023-12-05 11:53:03,222.69,"Ali, Kelly and Carter",yard
2022-11-02 02:09:17,909.51,Santos and Sons,help
2022-11-05 17:34:52,645.55,Smith-Cole,professor
2022-05-02 17:05:37,70.02,"Turner, Ochoa and Pruitt",heart
2023-12-01 09:45:52,23.7,"Jones, Fletcher and Howard",expect
2022-03-30 23:05:52,727.57,Walker Ltd,become
2022-03-23 01:14:58,60.46,Noble Group,under
2022-07-31 17:57:20,104.99,"Garcia, Manning and Parks",firm
2022-05-01 05:26:35,478.58,King-Guerrero,agree
2022-06-15 05:57:00,870.95,Martin Group,involve
2023-01-08 17:00:56,104.05,Sullivan and Sons,present
2023-04-18 09:05:34,585.18,"Terry, Murray and Miller",lose
2022-04-06 07:12:23,722.3,"Singleton, Moore and Jones",place
2023-01-04 13:12:48,293.9,Travis-Short,town
2023-12-21 21:49:47,663.6,Long-Kline,carry
2023-05-24 17:58:35,656.26,Gonzalez-Smith,single
2022-01-28 06:05:15,559.54,"Chang, Walter and Nelson",office
2023-10-20 23:13:49,913.34,Hooper-Bowman,paper
2022-03-30 19:35:19,884.0,"Robertson, Miller and Paul",view
2022-03-01 00:23:23,918.16,Brandt PLC,ever
2023-09-20 03:26:17,529.22,"Delgado, Cohen and Knight",mind
2022-03-16 00:52:39,634.95,Garcia LLC,sea
2022-01-15 18:56:05,863.23,"Mason, Castaneda and Ibarra",range
2023-01-01 04:17:10,50.77,Jenkins-Anderson,treat
2022-10-06 03:46:37,469.46,Decker Ltd,us
2022-11-20 08:30:33,904.28,Hicks-Bell,team
2023-02-17 18:54:05,995.87,Thomas and Sons,wind
2023-08-08 01:28:34,192.17,"Torres, Weaver and Stewart",mouth
2023-10-17 23:00:45,692.05,"Miller, Sutton and Benton",high
2022-01-20 10:48:35,502.76,Garcia-Baker,cultural
2022-10-30 16:51:38,929.6,Williams-Cole,short
2022-11-14 19:12:14,518.63,"White, Osborne and Ingram",family
2022-09-11 17:35:22,61.18,Williams and Sons,away
2022-06-27 02:37:00,448.3,"Phillips, Khan and Henry",either
2022-08-10 03:36:42,958.59,Sullivan-Freeman,change
2022-11-13 21:46:49,95.04,"Carr, Johnston and Vargas",face
2023-11-04 06:39:27,786.67,Montgomery-Howell,idea
2022-03-11 21:46:04,405.04,Steele-Brown,nation
2023-02-13 17:46:23,741.48,"Schaefer, Duffy and Contreras",continue
2023-03-31 07:04:12,430.18,Meyer-Camacho,long
2023-02-13 13:08:00,653.84,Cherry-Chan,which
2023-05-07 10:31:26,282.13,Mccoy-Mcmahon,high
2022-05-30 11:27:56,823.04,Campbell-Bright,manage
2022-04-26 07:15:49,921.93,"Horton, Jenkins and Robertson",data
2022-09-01 04:02:35,118.57,Harris-Love,write
2022-03-05 16:37:11,500.14,Smith Inc,while
2023-09-22 15:27:05,865.1,Freeman-Matthews,cost
2023-10-25 22:05:02,542.79,Miller-Harper,with
2022-05-21 23:11:39,341.24,Harper Inc,institution
2022-03-31 02:39:47,608.52,Hensley-Mann,network
2023-09-30 01:32:02,924.03,Jones PLC,just
2023-06-23 04:05:25,182.96,Morris-Miller,nothing
2022-04-15 20:34:10,618.36,Craig Inc,if
2023-06-05 02:24:06,936.55,Quinn and Sons,use
2022-10-09 15:20:51,662.27,Hernandez Group,message
2022-08-01 14:22:49,984.04,Wilkinson-Stewart,suffer
2022-08-16 03:45:27,338.76,Pratt Inc,contain
2023-04-07 12:39:56,65.64,"Ritter, Taylor and Benson",recognize
2022-05-28 02:08:59,889.59,Campbell-Washington,fight
2023-02-12 13:48:39,239.82,Jackson PLC,room
2022-07-27 10:13:19,854.51,"Mcfarland, Davis and Graham",matter
2022-11-08 12:26:32,173.58,"Pope, Clark and Soto",consumer
2022-01-05 00:30:47,198.93,Waters-Schroeder,law
2022-12-06 09:48:26,762.24,Obrien-Torres,blood
2023-11-17 15:49:21,172.13,"Juarez, Ford and Poole",response
2022-12-05 23:34:47,78.9,Brooks Ltd,here
2022-11-18 05:59:25,591.13,"Kennedy, Rojas and Lester",laugh
2022-08-14 01:18:31,523.78,Velez-Jacobs,fact
2022-04-20 20:15:48,594.82,"Kelly, Spence and Glass",education
2023-08-07 08:17:33,925.42,"Gray, Lee and Snyder",can
2023-06-27 06:15:57,552.54,Castillo-Thomas,whether
2022-02-13 23:24:03,406.59,Carter-Vargas,cover
2023-04-12 23:13:31,597.31,Holmes-Graham,certain
2022-05-31 19:09:21,772.24,Montgomery-Spencer,successful
2022-06-14 04:54:56,633.71,Peterson-Mason,bit
2022-07-23 20:52:47,924.89,"Fischer, Hardy and Lewis",control
2023-06-16 21:11:45,505.19,Bailey-Thomas,similar
2022-07-01 22:35:27,295.23,Williams PLC,knowledge
2023-03-23 15:37:37,420.76,Vaughan-Smith,state
2022-09-30 04:08:31,464.49,"Arellano, Stokes and Randall",century
2022-09-25 17:13:37,232.59,Salazar-Joseph,north
2023-03-08 14:24:38,145.74,Woods-Williams,trial
2022-11-16 01:04:13,146.98,Kelley PLC,budget
2022-04-07 02:30:18,104.17,Smith Ltd,stop
2023-08-03 09:39:39,775.08,"Horn, Norris and Wagner",person
2023-03-17 11:45:03,493.13,Wood-Rodriguez,trade
2023-02-28 17:43:30,304.61,"Thomas, Willis and Norman",citizen
2022-10-06 00:10:33,965.2,Vargas Inc,language
2023-07-22 18:19:15,446.09,Hoffman-Johnson,subject
2022-09-18 12:35:26,923.55,Holmes PLC,body
2022-05-14 07:50:42,160.68,Delgado-Lopez,reason
2023-05-27 18:08:43,210.48,Martinez Group,with
2023-01-21 12:03:20,719.63,Costa-Carson,necessary
2023-08-04 16:20:36,722.63,"Martin, Wallace and Cameron",raise
2022-11-25 16:08:42,444.36,"Barnett, Hopkins and Jordan",down
2022-01-01 00:46:45,216.17,"Martinez, Torres and Cook",save
2022-02-12 10:00:42,84.25,"Howard, Lowery and Goodman",bad
2023-05-24 02:10:31,953.44,Fernandez Ltd,travel
2022-04-06 07:12:31,527.44,Jones and Sons,per
2022-11-04 01:03:16,537.96,"Costa, Alvarado and Johnson",Democrat
2023-08-06 20:39:37,200.9,"Hahn, Adams and Mendoza",film
2022-05-31 06:04:11,551.98,Villegas LLC,to
2022-04-25 10:22:04,915.86,Pearson-Rios,hold
2023-09-26 22:27:50,656.49,Riley Group,top
2022-05-10 07:17:29,354.39,Reid Group,could
2023-06-11 12:04:48,885.86,"Lowery, Shaw and Arnold",him
2022-09-13 08:17:09,918.22,"Huang, Gonzales and Hurley",property
2023-02-22 09:35:38,268.41,Fischer PLC,particular
2022-04-12 20:30:03,629.78,Johnson-Carr,might
2022-08-11 11:10:42,267.1,Jones-Carter,week
2023-10-02 21:18:29,770.44,"Douglas, Nash and Stevens",join
2022-04-18 14:44:19,482.39,Wilkerson and Sons,account
2022-04-02 09:00:52,309.53,"Rivera, Davis and Flores",describe
2022-02-12 16:51:43,425.4,"Austin, Owens and Jones",month
2022-07-25 12:47:36,785.49,"Medina, Poole and Valenzuela",likely
2023-05-01 16:36:24,961.02,Huffman-Kline,test
2022-08-01 07:25:46,367.86,Pierce-Flores,stuff
2023-06-23 12:24:42,646.22,"Moore, Underwood and Murphy",hit
2022-06-04 03:54:03,71.84,Mccarty-Russo,our
2023-04-21 05:30:46,462.37,Sanchez Group,five
2022-01-27 18:44:19,271.71,Patterson and Sons,our
2022-02-04 15:46:16,233.73,Harvey-Johnson,admit
2022-06-17 00:50:31,365.94,Mays Inc,campaign
2023-05-20 05:36:44,140.58,"Crawford, Keith and Lawson",of
2023-05-15 23:18:13,954.96,"Solomon, Obrien and Norton",family
2023-03-13 19:58:01,759.17,Blair and Sons,feeling
2023-11-14 16:31:49,713.49,Ellis PLC,six
2023-01-18 16:50:44,460.95,Torres-Carpenter,fine
2023-01-07 02:20:09,455.79,Moore Group,audience
2022-08-24 02:00:54,232.75,Anderson-Lawson,do
2022-02-26 19:02:32,291.04,Villa-Harper,table
2022-05-22 16:25:19,812.19,Cooper PLC,wish
2023-11-13 04:56:09,195.96,"Cisneros, Porter and Bennett",respond
2023-11-23 21:30:39,948.92,"Benitez, Johnson and Davis",of
2023-10-14 04:20:11,315.7,"Mitchell, Nunez and Mccarthy",worry
2022-06-04 08:14:05,235.06,"Mcconnell, Smith and Warner",for
2023-05-02 16:22:15,11.37,"Moore, Sweeney and Brown",front
2022-01-01 11:32:18,433.74,Reid-Douglas,level
2022-06-22 15:26:53,74.25,Miller Inc,one
2022-12-28 21:10:08,521.27,Schmidt Group,product
2023-03-24 05:46:24,146.3,Zamora-Villanueva,list
2022-11-21 00:55:05,346.81,"Hart, Martin and Washington",project
2022-05-05 09:30:05,80.45,"Davis, Hood and Mann",according
2022-05-22 16:06:19,651.71,Chung Group,ok
2022-09-24 21:15:02,585.24,"Baker, Thompson and Schroeder",present
2023-10-29 19:20:02,60.84,Lewis-Blake,step
2023-03-20 16:00:42,747.18,"Jones, Ford and Cruz",large
2023-02-24 03:35:43,565.09,Marshall-Brandt,class
2023-09-08 15:33:42,578.76,Fox Ltd,black
2023-05-21 01:27:05,572.91,"Kim, Abbott and Faulkner",song
2022-01-28 12:03:08,782.66,Rich Ltd,north
2023-01-17 13:08:11,731.66,Powers-Espinoza,war
2022-03-24 00:38:47,242.36,"Johnson, Stephens and Stout",glass
2022-04-01 22:34:35,792.28,"Middleton, Jacobs and Garza",individual
2023-07-26 14:55:40,956.34,"Hill, Fuller and Fitzgerald",produce
2023-06-21 00:44:36,269.76,"Christian, Sanchez and Garcia",end
2022-11-10 03:37:50,714.41,Barton LLC,somebody
2022-10-14 04:22:49,918.46,Lawrence and Sons,work
2023-11-13 16:27:14,758.92,Skinner-Rogers,performance
2023-08-28 20:49:23,198.49,Rowe-Davenport,professional
2021-12-25 20:58:35,462.31,"Lucero, Lee and Gomez",glass
2023-01-02 18:18:50,302.03,Gonzalez LLC,remain
2022-04-17 00:14:44,490.16,Simpson-Schroeder,central
2023-03-03 21:14:44,983.14,Dunlap LLC,full
2022-07-30 17:04:44,530.55,Schwartz Ltd,how
2023-10-16 09:51:30,717.07,"Compton, Harper and Blackburn",entire
2022-10-11 04:50:08,825.09,"Kennedy, Johnson and Bishop",sport
2022-01-13 08:13:44,905.37,Norman-Bennett,care
2023-12-03 10:36:34,414.98,Williams-Mercado,old
2022-09-27 15:38:18,731.59,Kent-Decker,first
2022-05-04 15:50:58,486.61,"Hanson, Baker and Everett",responsibility
2023-11-26 22:06:34,479.45,Brown-Hernandez,character
2023-09-23 14:16:45,277.81,Davenport-Cervantes,hair
2023-01-23 00:25:28,287.25,Willis PLC,against
2023-07-27 01:20:59,499.92,Dunn PLC,girl
2022-06-10 15:13:08,303.19,Beck-Sawyer,turn
2023-06-05 12:42:23,671.01,Young-Gutierrez,never
2023-10-05 00:18:28,186.56,"Parker, Holt and Espinoza",despite
2022-05-08 18:48:29,553.21,Martin Inc,show
2023-10-25 11:37:59,168.8,Olson-Mcfarland,high
2022-04-07 07:31:54,635.2,Miller-Stark,you
2023-01-05 19:15:54,877.67,Love-Cooke,ready
2023-07-29 23:08:54,126.5,Cooper Ltd,power
2023-09-08 18:26:31,20.8,Allen Group,wife
2023-09-03 16:28:25,979.33,Shepard-Brown,player
2022-07-12 09:36:12,944.66,Huerta-Young,court
2022-02-19 21:13:42,558.75,Schaefer PLC,nature
2022-10-14 08:02:38,658.42,Parker-Murray,film
2022-08-07 11:31:21,658.24,Day-Warren,later
2022-03-02 22:01:03,53.9,"Novak, Gibbs and Bell",along
2022-04-15 16:53:04,884.56,"Bennett, Wallace and Daniels",possible
2022-11-18 11:27:41,518.49,Warren-Allen,improve
2023-02-01 17:54:20,478.68,Bishop and Sons,name
2022-09-09 22:57:16,235.35,Rivera-Willis,loss
2022-01-17 16:40:33,968.15,Villanueva-Herrera,language
2022-08-15 20:41:50,245.2,Craig Inc,main
2023-12-18 19:27:33,994.64,Rocha-Contreras,better
2022-12-17 17:38:56,61.91,Scott Inc,range
2022-12-28 08:08:45,184.97,"Powell, Clark and Carlson",bring
2022-04-09 13:43:22,826.41,"Allen, Duncan and Murray",computer
2022-10-19 22:55:45,888.8,"Lee, Watson and Harris",argue
2022-05-07 11:41:50,143.32,Poole-Peterson,team
2023-09-02 21:26:53,628.37,Schneider-Stanley,able
2022-03-04 03:03:33,855.18,"Hawkins, Bishop and Mann",development
2023-10-11 03:02:15,179.21,Zhang-Miller,trip
2023-07-13 00:02:31,519.88,Parker Ltd,goal
2023-08-19 05:22:16,924.77,Walker and Sons,grow
2023-04-03 22:44:06,893.14,"Phillips, Sanchez and Campbell",wind
2022-02-15 07:48:50,323.57,Rangel PLC,different
2022-08-27 01:01:54,758.81,Taylor-Wilson,appear
2022-12-05 07:08:06,262.59,Newman and Sons,senior
2023-02-15 02:17:30,595.94,"Bailey, Hernandez and Perry",win
2022-01-09 19:31:45,659.05,"Atkins, Hammond and Schmitt",interest
2022-08-08 20:03:39,988.74,Montgomery PLC,room
2022-02-20 20:15:41,737.94,Butler-Barron,consider
2023-04-08 04:50:57,197.68,Hart LLC,four
2023-05-11 16:30:20,379.55,Silva LLC,person
2022-09-13 14:08:37,914.53,"Williams, Hooper and Ramos",song
2022-11-30 12:14:41,224.0,"Burton, Ramirez and Holloway",successful
2022-03-30 16:25:28,660.35,Copeland-Vargas,effort
2023-04-12 20:48:32,636.49,Wilkinson-Freeman,why
2023-09-07 09:42:04,89.79,Hall-Marshall,meet
2023-11-19 11:47:59,413.85,"Lester, Reynolds and Burns",into
2022-03-07 02:46:44,904.5,Williams and Sons,hard
2022-11-26 22:56:28,625.03,Boyd Group,lay
2022-01-20 00:37:36,835.18,Wu Inc,stand
2023-03-30 20:57:57,565.37,"Blair, Warren and Carter",charge
2022-01-04 15:19:57,563.33,Cross-Mccall,hospital
2022-08-05 10:42:11,881.8,"Wilson, Moore and Carter",morning
2022-12-11 00:37:34,778.01,"Miller, Robinson and Gonzalez",knowledge
2023-11-28 17:48:06,514.01,Burke LLC,Republican
2022-10-20 04:27:12,180.86,Green LLC,teacher
2023-08-20 19:02:35,420.36,Owens and Sons,eye
2022-06-06 11:19:02,784.53,"Lester, Howard and Sanchez",defense
2022-03-13 12:12:41,881.99,"Orr, Jackson and Peterson",husband
2023-06-04 21:27:24,212.47,Heath PLC,policy
2023-11-04 07:58:25,391.43,Shaw LLC,theory
2023-11-26 23:52:08,27.68,Gibbs-Bonilla,leg
2022-05-13 16:03:40,286.91,"Sanders, Mathis and Alexander",teach
2022-01-15 09:10:54,188.08,"Gomez, Moody and Pruitt",respond
2023-03-24 06:25:41,911.07,Moore-Murphy,close
2022-03-22 09:27:01,191.59,Johnson-Phillips,win
2023-08-12 22:35:40,739.56,Calhoun-Welch,move
2023-02-17 03:46:36,431.14,Watson-Nixon,effect
2022-02-25 20:58:31,684.93,Francis-Ayala,role
2023-12-12 05:58:45,634.62,Brown-Obrien,yourself
2023-11-05 21:09:31,183.02,Graham LLC,fast
2023-12-19 22:21:55,96.23,Blair-Armstrong,better
2023-09-06 01:11:02,600.33,Coleman Group,market
2022-11-11 07:26:04,612.83,Holland-Russell,indicate
2022-02-10 12:44:14,107.63,Perkins-Cochran,sell
2023-11-14 00:39:20,437.35,"Johnson, Gates and Munoz",letter
2023-04-05 02:54:00,723.28,Erickson-Carlson,say
2022-07-15 23:26:39,59.48,Dixon-Thomas,too
2023-12-14 22:49:49,971.17,"Collins, Carroll and Schmitt",PM
2022-09-07 01:26:52,451.09,"Fischer, Barton and Curtis",personal
2023-04-24 04:38:42,398.12,"Johnson, Snyder and Smith",you
2023-02-22 20:40:28,202.78,Solomon-Rivas,baby
2022-09-22 22:07:48,672.0,Ashley Group,suffer
2023-08-09 13:37:59,39.92,"Pena, Price and Graham",cut
2023-02-25 14:20:07,654.6,Rodriguez PLC,money
2023-12-22 11:29:13,698.46,"Johnson, Lozano and Fitzgerald",price
2022-05-31 08:20:27,770.59,Young LLC,mind
2022-09-15 03:48:32,914.44,"Douglas, Gibson and Powers",step
2023-10-20 10:48:19,323.06,Golden LLC,like
2022-10-22 07:02:54,483.18,"Macdonald, Dickerson and Gordon",school
2022-09-03 14:58:26,604.47,Johnson-Bishop,prepare
2022-06-02 14:09:33,60.3,"Long, Wheeler and York",crime
2023-08-22 09:19:06,278.98,Brooks LLC,low
2023-01-11 07:44:58,115.58,Marshall and Sons,whatever
2022-08-14 03:20:50,848.84,Huang-Waller,great
2023-02-23 21:41:33,348.97,"Boyd, Ellis and Kent",ever
2023-03-19 11:46:35,276.15,Williams-Yates,contain
2022-05-10 10:34:40,404.44,Watson-Wood,owner
2023-04-05 18:49:54,386.98,Reynolds-Reynolds,light
2023-08-16 21:45:36,697.19,"Lynn, Doyle and Wilkerson",imagine
2023-11-01 22:49:14,887.23,Dixon LLC,whom
2022-04-27 09:42:00,801.43,"Little, Edwards and Finley",size
2022-09-25 15:08:18,232.45,Rivera-Marquez,total
2023-08-28 15:48:29,96.21,"Kelly, Harris and Burnett",opportunity
2022-02-18 09:19:50,559.74,Flores PLC,ability
2023-09-20 14:59:59,331.87,"Watson, Payne and Dillon",lose
2022-12-13 02:01:09,13.68,"Price, Schmidt and Love",share
2023-07-29 13:20:02,257.32,Smith-Dyer,purpose
2022-09-24 02:49:55,94.95,Johnson PLC,thousand
2022-05-20 12:39:56,516.09,Sanchez Inc,field
2022-11-25 08:23:36,816.36,Allen Ltd,happy
2023-09-21 15:11:58,777.07,Holt-Mcdaniel,very
2023-09-27 09:11:50,313.78,Rodriguez-Morales,yes
2023-06-09 19:54:05,737.81,Vincent-Neal,attack
2022-04-04 02:35:23,48.48,Keller Group,light
2023-10-08 08:57:21,166.5,Edwards Inc,everybody
2022-12-16 14:21:30,20.13,"Reynolds, Brown and Fuller",wear
2023-10-17 05:42:52,114.28,Allen Ltd,baby
2023-09-08 03:58:34,614.31,Ross-Vazquez,fear
2023-01-20 05:35:04,732.7,Bailey-Lester,to
2022-07-30 21:30:01,473.87,Phillips-Martinez,pull
2023-02-20 00:16:21,135.78,Elliott-Jacobs,former
2023-04-23 18:53:45,115.16,"Potter, Warren and Harris",many
2023-04-05 06:28:18,797.37,Rowland PLC,accept
2023-08-31 10:13:16,898.06,Gordon Inc,room
2023-10-13 12:40:22,232.53,"Wong, Dillon and Williams",watch
2022-07-28 14:54:11,758.41,Perez-Martin,result
2023-02-25 05:52:06,885.36,Reynolds Inc,address
2023-06-16 04:08:42,873.23,"Murphy, Taylor and Maldonado",key
2022-10-12 00:00:18,492.8,"Simpson, Rodriguez and Caldwell",either
2022-01-22 06:38:54,912.29,Peterson-Ray,someone
2023-09-23 21:19:49,736.22,Mathis LLC,raise
2023-03-14 02:43:41,393.3,Oconnor-Frazier,left
2022-12-01 16:25:14,229.46,Cortez-Thompson,capital
2022-12-24 02:40:49,638.43,Daniels and Sons,positive
2023-10-10 16:49:42,818.43,"Paul, Whitehead and Davis",evidence
2023-07-14 12:56:06,635.16,Carrillo Ltd,when
2023-10-30 03:49:42,732.3,Bates-Guzman,perform
2023-10-18 00:10:11,454.68,Gomez-White,modern
2023-06-06 18:52:28,48.54,Espinoza-Mcmillan,by
2023-06-30 16:38:12,591.66,Wilkerson PLC,send
2022-01-11 05:45:52,136.36,Lopez-Clark,student
2022-07-08 04:08:27,853.18,"Cruz, Hill and Turner",similar
2023-01-18 22:26:07,348.3,Moses Group,week
2023-02-20 12:30:23,587.79,"Williams, Williams and Smith",option
2023-11-04 04:26:46,516.8,Lewis and Sons,century
2023-08-04 22:18:26,72.54,Andrews-Calderon,cost
2022-08-02 08:02:18,964.77,Davis-Cole,hit
2022-03-09 21:46:44,134.14,Cortez Group,I
2023-08-08 01:52:29,518.41,Price-Shaffer,option
2022-05-07 10:06:42,988.62,Chung-Martinez,mention
2022-08-17 04:34:18,651.91,Myers-Wright,dinner
2022-05-08 10:42:30,574.53,"Woods, Reilly and Carson",fact
2022-02-06 09:27:29,578.52,Lewis Inc,mind
2023-04-02 07:16:18,526.52,Lopez Group,total
2023-02-13 22:05:11,457.86,Patton-Taylor,film
2023-06-27 12:27:48,196.47,Brown and Sons,feel
2022-02-23 13:26:18,124.34,Johnson-Vincent,sister
2023-05-18 03:02:23,658.0,Hamilton Group,network
2022-07-26 03:28:40,440.84,Williams-Stone,cover
2022-05-31 21:22:44,406.77,Kerr-Manning,lot
2023-03-18 00:14:21,623.51,White Ltd,room
2023-10-28 16:21:22,495.0,Mccarthy-Miller,wall
2023-03-22 06:07:59,217.5,Montes-Wilson,customer
2022-12-03 05:36:07,681.7,Johnson-Ibarra,mind
2022-06-14 10:14:34,67.19,"Sanchez, Madden and Brown",whole
2021-12-26 10:20:55,393.78,Camacho Ltd,view
2023-05-29 04:26:54,524.83,Morris Inc,father
2023-12-23 05:11:35,174.51,Cruz and Sons,business
2022-04-10 21:58:00,671.4,Robinson-Matthews,just
2023-05-06 15:08:00,622.83,Cabrera Ltd,population
2022-08-30 02:20:10,794.4,Greer-Shields,test
2022-02-19 00:09:35,899.91,Davis LLC,senior
2023-03-28 23:20:41,122.7,Allen LLC,dinner
2023-01-10 15:19:12,75.06,"Contreras, Jackson and Klein",at
2022-04-09 16:56:00,762.81,"Smith, Alvarado and Navarro",produce
2023-09-19 09:13:40,297.11,Wilson Inc,chair
2023-03-11 14:20:28,548.69,"Williams, Hale and Eaton",much
2022-08-10 16:11:46,40.63,Wilson and Sons,full
2023-06-24 11:47:39,832.96,"Butler, Kaufman and Davis",she
2023-11-06 04:13:07,547.08,Huff-Hamilton,cut
2022-04-11 18:58:13,757.86,Williams-Davis,just
2023-03-06 19:29:13,768.14,Edwards LLC,choice
2023-02-08 01:36:16,116.61,"Matthews, Oliver and Harris",because
2022-06-18 07:50:05,510.3,"Weaver, Bennett and Mcintyre",page
2023-07-12 12:45:14,242.14,Flores-Mills,moment
2023-11-09 22:52:25,267.48,Carpenter Inc,issue
2023-03-08 23:24:42,596.83,Jones Group,increase
2022-06-16 20:07:46,295.61,"Ryan, Lewis and Garcia",something
2023-10-20 22:39:03,755.89,"Stuart, Hines and Williams",production
2022-02-05 15:16:14,133.59,"Terry, Perry and Freeman",picture
2023-03-12 04:45:46,439.12,Fernandez Inc,party
2022-12-02 23:39:35,84.69,"Howell, Harris and Glover",hospital
2023-06-14 01:15:33,525.57,"Collins, Kennedy and Jackson",television
2023-08-21 10:52:32,577.74,"Miles, Ray and Morris",similar
2023-07-14 06:03:06,491.09,Gilbert-Franklin,trouble
2022-09-30 13:25:33,935.84,"Francis, Villarreal and Hughes",music
2023-11-25 09:45:46,383.62,Obrien-Fields,marriage
2022-09-15 06:57:36,731.4,Collins Inc,full
2023-12-23 02:10:32,159.05,Anderson-Johnson,finally
2022-08-29 12:47:25,218.42,Pierce-Robinson,loss
2023-07-30 01:29:08,243.15,Hernandez-Black,add
2022-01-23 00:06:27,706.53,Garner Inc,west
2023-08-23 20:32:07,928.58,Stevens-Williams,because
2023-05-20 08:39:22,888.03,"Waters, Bowman and Nguyen",machine
2022-07-16 12:52:17,525.83,Pugh-Thompson,consider
2023-04-29 22:40:10,409.76,Miller-Jackson,line
2022-01-03 16:52:13,274.24,"Walker, Powers and Aguilar",than
2022-10-15 22:28:05,213.07,Velazquez-Miller,light
2022-12-28 18:37:02,521.25,Tucker PLC,season
2022-05-29 00:16:13,311.4,Kaufman-Anthony,send
2023-07-06 17:49:19,365.84,"Walker, Banks and Clark",place
2022-01-09 06:51:38,513.75,Owens-Thompson,find
2023-02-12 02:50:30,907.82,"Sanchez, Mcclain and Holloway",direction
2023-07-13 06:44:59,485.29,Hansen-Burns,your
2022-11-18 12:11:45,480.06,Davis Inc,practice
2023-01-18 16:05:47,119.54,"Taylor, Hanna and Burton",expect
2022-04-18 09:46:03,407.98,Torres-Haney,play
2023-08-22 18:41:11,203.65,Ellis PLC,lead
2022-06-15 03:28:47,250.45,Le Ltd,peace
2022-09-18 12:43:12,75.59,Stone-Howard,this
2022-09-02 17:46:50,664.99,"Stuart, Alexander and Schroeder",general
2022-06-10 06:21:38,704.64,Scott-Weber,all
2022-05-22 20:28:47,962.23,Campbell-Logan,agreement
2023-10-11 12:27:44,941.23,"Contreras, Davis and Stevenson",myself
2022-04-26 11:47:28,711.41,Barnes-Vaughn,give
2022-06-22 08:17:16,154.88,"Barnes, Nichols and Johnson",join
2023-04-18 23:28:14,391.53,Arnold-Bradley,however
2022-05-06 11:54:58,482.58,Walker-Lawrence,attention
2023-06-25 21:57:35,92.85,"Dawson, Terry and Pierce",miss
2023-08-23 21:02:24,732.41,Allen Inc,eye
2023-10-12 07:20:51,809.81,Williams-Hill,agency
2022-08-05 17:03:03,235.89,Maldonado-Fischer,develop
2023-05-14 07:40:27,334.32,Roberson Ltd,both
2023-12-04 21:08:50,329.87,Dominguez PLC,news
2022-11-14 00:35:28,193.0,"Hernandez, Stevens and Doyle",join
2022-02-23 20:29:35,495.41,"George, Jacobs and Williams",newspaper
2023-06-27 08:53:34,728.7,Wilson-Hernandez,commercial
2022-02-02 00:19:53,950.42,Williamson PLC,environment
2022-08-25 17:06:59,516.85,Ramsey PLC,for
2022-09-20 12:10:59,851.08,Buchanan-West,it
2022-04-21 07:59:26,545.45,"Davis, Ward and Garcia",fall
2023-04-04 23:28:33,664.1,"Valenzuela, Collier and Hall",certainly
2022-04-02 03:45:43,746.63,"Martinez, Rowland and Myers",authority
2023-07-22 07:48:18,25.99,"Jones, Williams and Odonnell",Mrs
2023-06-02 06:39:30,855.65,"Valentine, Taylor and Thompson",five
2022-10-04 06:10:01,184.03,"Quinn, Spencer and Lee",degree
2023-08-25 12:06:01,140.13,"Atkins, Olson and Martinez",doctor
2022-05-16 01:27:48,81.01,"Avila, Burns and Wilson",study
2023-10-07 03:53:44,455.13,Ortiz Ltd,rise
2022-02-05 22:04:58,601.78,Hurst-Booth,movement
2022-01-07 17:22:28,324.16,"Roberts, Roberts and Campos",however
2023-12-19 00:22:39,831.94,Roberts-Thomas,answer
2023-10-31 07:15:57,877.28,Wright LLC,voice
2022-02-01 11:28:06,819.61,Johnson-Bailey,cause
2022-01-26 16:12:48,942.75,Johnson-Thompson,next
2023-10-10 20:03:49,96.67,"Long, Ayala and Scott",name
2022-07-28 16:39:33,806.04,Velez Inc,today
2023-08-28 08:54:08,805.56,Mitchell PLC,best
2023-01-10 17:09:18,665.89,Jones-Gross,behind
2022-11-09 01:07:07,434.47,"Green, Stephens and Moreno",myself
2023-05-12 21:19:42,940.03,Collins Inc,theory
2022-02-11 02:06:07,435.95,Mason-Kennedy,school
2023-08-18 14:23:05,888.04,Davis-Gonzales,walk
2023-03-12 18:07:35,543.64,"Brown, Shepard and Harris",guess
2023-07-11 12:48:11,720.43,Smith PLC,since
2022-08-11 15:14:52,430.7,Lopez-Carroll,window
2022-01-10 06:21:42,851.13,"Johnson, Johnson and Mcdonald",painting
2023-02-20 14:44:31,453.22,Hammond-Savage,stage
2022-12-29 13:27:12,851.05,Morris-Wheeler,few
2022-01-25 14:00:40,33.16,Ramirez-Garrison,series
2022-01-07 11:57:16,316.46,"Curtis, Williams and Henry",key
2022-10-13 11:56:34,7.81,Jackson Inc,just
2022-08-11 05:07:27,227.03,"Kennedy, Rivera and Barnes",base
2022-03-03 10:02:53,295.39,Garcia Inc,test
2023-07-11 22:05:13,732.48,Smith-Lane,religious
2022-07-04 22:54:39,227.59,"Chavez, Williamson and Johnson",collection
2022-06-08 21:33:39,646.84,Costa-Montgomery,tough
2022-03-21 21:25:11,243.17,"Thompson, Brown and Richardson",real
2023-01-29 22:20:40,628.56,"Fritz, Smith and Reynolds",position
2022-03-04 00:14:37,902.98,Walter Ltd,cover
2023-09-22 23:24:00,773.76,Sullivan Ltd,option
2022-08-21 16:59:48,888.55,Lopez Inc,others
2023-06-24 22:01:53,253.72,Zimmerman-Barnes,impact
2023-11-16 12:13:11,97.34,Colon Ltd,wear
2022-06-04 08:54:43,372.08,Gray-Gonzales,stock
2023-02-12 04:31:58,907.59,Mendoza-Moore,try
2021-12-28 02:39:20,430.74,Cortez Group,movement
2023-09-01 14:36:04,840.3,"Santana, Allen and Smith",many
2022-12-01 22:37:43,530.46,Hill-Melendez,activity
2022-03-26 11:54:37,996.46,Ruiz-Reynolds,bit
2022-06-08 19:28:14,191.66,Kim PLC,remember
2022-09-05 21:08:44,414.31,"Hernandez, Brady and Garcia",good
2023-01-30 04:01:53,32.57,"Vincent, Oliver and Anderson",born
2023-02-05 16:21:00,628.57,Taylor PLC,indeed
